From,To,Volume,Cost
1,290,1151.995,1.083333333
1,307,1094.114,1.083333333
1,316,0,1.083333333
2,302,0,1.666666667
2,304,0,1.666666667
3,301,0,1.083333333
3,306,5.038,1.083333333
4,301,0,1.083333333
4,306,0,1.083333333
5,298,593.426,0.5
5,299,24.119,0.5
5,310,100.938,1.083333333
6,424,1970.362,0.833333333
6,425,567.338,0.833333333
6,456,150.21,0.833333333
7,274,755.476,0.666666667
7,281,876.195,0.666666667
7,283,0,0.666666667
8,272,148.056,0.666666667
8,456,16.62,0.666666667
8,474,486.447,0.666666667
8,480,732.672,0.666666667
9,277,615.62,0.5
10,205,8.271,0.416666667
10,206,37.427,0.416666667
10,214,217.122,0.416666667
11,206,519.624,0.666666667
11,207,91.128,0.666666667
12,210,389.591,0.833333333
12,217,0,0.833333333
12,222,234.252,0.833333333
13,208,201.304,0.666666667
13,211,136.981,0.666666667
13,224,129.119,0.666666667
14,244,694.885,0.583333333
15,228,131.907,0.833333333
15,533,1526.203,0.833333333
15,538,616.457,0.833333333
16,601,464.283,1
16,602,182.317,1
17,597,19.848,0.666666667
17,608,114.416,0.666666667
17,621,10.752,0.666666667
18,914,110.38,0.916666667
18,937,177.169,0.916666667
18,938,491.183,0.916666667
18,946,375.708,0.916666667
19,617,806.376,0.833333333
19,919,29.984,0.833333333
19,931,401.568,0.833333333
20,916,616.927,0.75
21,915,599.938,0.5
21,943,556.252,0.5
22,831,492.589,1.166666667
23,823,1897.777134,1.083333333
23,835,368.221,1.083333333
23,836,1874.681827,1.083333333
23,839,415.0080394,1.083333333
24,827,486.313,1.166666667
24,838,1103.477,1.166666667
24,855,2479.562,1.166666667
25,821,2096.566,1.25
25,841,656.06,1.25
25,849,280.194,1.25
26,322,2375.599,0.666666667
26,844,219.653,0.666666667
26,851,635.845,0.666666667
27,317,766.047,0.666666667
27,333,329.717,0.666666667
27,824,2378.963,0.666666667
27,832,0,0.666666667
28,328,239.414,0.666666667
28,339,2818.15,0.666666667
28,825,788.734,0.666666667
29,325,1251.292408,0.75
29,331,990.9195916,0.75
30,286,284.755,0.666666667
30,340,828.778,0.666666667
31,366,1077.612,0.616666667
31,405,1627.291,0.616666667
31,448,332.177,0.616666667
31,779,811.806,0.616666667
32,287,503.399,0.666666667
32,347,1472.992,0.666666667
32,355,109.56,0.666666667
32,356,1037.25,0.666666667
33,255,785.705,1.083333333
33,858,1228.015256,1.083333333
33,961,2768.502888,1.083333333
33,963,1338.586856,1.083333333
34,870,1141.451174,0.916666667
34,962,1623.311,0.916666667
34,964,904.19,0.916666667
34,967,1225.147826,0.916666667
35,758,1392.821,0.75
35,760,1451.705,0.75
35,869,427.76,0.75
35,966,887.93,0.75
36,763,863.219,0.616666667
36,764,144.31,0.616666667
36,767,287.37,0.616666667
36,788,787.17,0.616666667
36,796,18.194,0.616666667
37,349,335.274,0.7
37,393,140.949,0.7
37,458,185.593,0.7
37,459,565.185,0.7
37,803,943.644,0.7
38,255,201.03,0.783333333
38,262,230.602,0.783333333
38,267,1773.68,0.783333333
39,254,36.562,0.833333333
39,873,981.929,0.833333333
39,880,1911.24,0.833333333
39,881,97.729,0.833333333
40,633,3682.404,1.083333333
40,883,2142.444,1.083333333
41,761,1650.345,0.916666667
41,866,1044.495,0.916666667
41,875,274.26,0.916666667
41,885,302.876,0.916666667
42,666,0,0.666666667
42,676,1460.936,0.666666667
42,679,230.366,0.666666667
42,687,618.597,0.666666667
43,668,379.9401861,0.583333333
43,688,207.34,0.583333333
43,689,0,0.583333333
43,696,1071.234086,0.583333333
43,722,1260.129728,0.583333333
44,450,109.331,0.666666667
44,455,143.795,0.666666667
44,473,329.623,0.666666667
44,503,67.913,0.666666667
45,522,0,0.666666667
45,530,632.093,0.666666667
45,551,0,0.666666667
45,555,947.686,0.666666667
46,262,1054.027,1.083333333
46,263,479.154,1.083333333
47,264,2218.556,0.666666667
47,887,271.34,0.666666667
48,261,101.55,0.75
48,890,1682.47,0.75
49,625,2046.995,0.75
49,646,1211.061,0.75
50,623,388.151,0.5
50,652,0,0.5
50,700,727.362,0.5
51,655,135.881,0.583333333
51,702,818.153,0.583333333
51,706,780.086,0.583333333
51,710,1772.816,0.583333333
52,640,442.098,0.533333333
52,659,0,0.533333333
52,699,1100.888,0.533333333
52,714,0,0.533333333
53,525,77.966,0.5
53,585,1288.427,0.5
53,664,424.545,0.5
54,979,977.527,0.833333333
55,251,0,0.633333333
55,891,1061.143,0.633333333
55,979,458.923,0.633333333
56,889,1160.642,0.5
57,889,1272.885,0.533333333
57,992,418.664,0.533333333
57,1003,221.827,0.533333333
58,627,1064.783,0.533333333
58,888,390.742,0.533333333
59,889,785.526,0.5
59,986,370.471,0.5
60,893,276.1662789,0.416666667
60,896,691.8212022,0.416666667
60,900,283.9405188,0.416666667
61,624,515.149,0.583333333
61,630,1326.882,0.583333333
61,642,20.83,0.583333333
62,629,100.148,0.666666667
62,637,1382.712,0.666666667
62,653,889.399,0.666666667
63,902,883.455,0.533333333
63,908,383.928,0.533333333
63,947,245.137,0.533333333
64,632,1783.678,0.75
64,923,486.336,0.75
64,925,0,0.75
65,921,337.16,0.866666667
65,926,2908.801,0.866666667
65,936,1184.004,0.866666667
66,998,753.284,0.583333333
67,994,0,0.833333333
67,995,75.399,0.833333333
67,996,480.041,0.833333333
68,986,572.68,0.95
68,1002,1172.510265,0.95
68,1003,1526.040735,0.95
69,982,348.447,0.583333333
69,985,114.484,0.583333333
70,904,1847.614,0.833333333
70,959,392.47,0.833333333
70,960,9.155,0.833333333
70,983,575.908,0.833333333
71,949,158.602,0.833333333
71,958,0,0.833333333
71,985,596.659,0.833333333
72,951,424.808,0.916666667
72,957,217.027,0.916666667
73,928,79.529,0.583333333
73,940,575.765,0.583333333
74,313,3724.522,0.833333333
74,321,3535.708,0.833333333
74,322,200.3,0.833333333
74,842,0,0.833333333
74,1020,2958.85,0.833333333
75,848,421.867,0.833333333
75,849,1629.222,0.833333333
76,304,414.355,0.833333333
76,322,944.548,0.833333333
76,849,475.018,0.833333333
77,322,150.544,0.833333333
77,849,401.189,0.833333333
78,839,749.329,0.833333333
78,848,28.273,0.833333333
79,304,0,0.833333333
79,313,837.759,0.833333333
80,304,0,0.833333333
80,313,489.285,0.833333333
81,247,2.519,0.833333333
81,322,321.576,0.833333333
81,848,61.007,0.833333333
82,247,0,0.833333333
82,322,112.953,0.833333333
82,848,21.753,0.833333333
83,247,0,0.833333333
83,322,59.565,0.833333333
83,848,10.808,0.833333333
84,313,2009.462,0.833333333
85,304,0,0.833333333
85,313,1184.343,0.833333333
85,322,273.8,0.833333333
85,849,481.43,0.833333333
86,313,30.657,0.833333333
86,322,6.655,0.833333333
86,849,8.27,0.833333333
87,322,643.815,0.833333333
87,849,327.292,0.833333333
88,313,179.662,0.833333333
88,322,173.165,0.833333333
89,313,135.21,0.833333333
90,304,0,0.833333333
90,313,549.624,0.833333333
90,321,277.355,0.833333333
90,322,14.06,0.833333333
91,954,175.9,0.833333333
91,1005,3219.213,0.833333333
91,1010,1164.304,0.833333333
92,1005,2326.528139,0.833333333
92,1006,6086.614861,0.833333333
93,1005,290.5731448,0.833333333
93,1006,576.6088552,0.833333333
94,263,890.0639322,0.833333333
94,999,1042.241068,0.833333333
95,988,877.692,0.833333333
96,1005,0,0.833333333
96,1006,32.256,0.833333333
97,999,454.084,0.833333333
98,1009,1261.281,0.833333333
99,1005,66.40411704,0.833333333
99,1006,100.402883,0.833333333
100,1006,0,0.833333333
100,1007,0,0.833333333
101,263,0,0.833333333
102,1009,0,0.833333333
103,849,0,0.833333333
104,849,0,0.833333333
105,313,0,0.833333333
106,849,0,0.833333333
107,313,0,0.833333333
107,849,0,0.833333333
108,849,0,0.833333333
109,849,0,0.833333333
110,999,0,0.833333333
201,456,15.734,1
202,204,1081.199,0.186677889
203,456,1081.199,0.186677889
204,203,1081.199,0.173343754
205,10,58.783,0.416666667
205,206,2184.429,0.267032196
205,214,0,0.428571429
205,215,56.256,0.514285715
206,10,10.77,0.416666667
206,11,2017.936,0.666666667
206,213,452.551,0.20000025
206,486,260.223,0.266666695
207,11,51.392,0.666666667
207,201,15.734,0.78
207,209,135.804,0.240000025
207,215,11.579,0.411428571
208,13,764.708,0.666666667
208,209,33.969,1.062857143
208,211,706.181,0.960008686
208,273,3580.603,0.229462646
208,277,0,0.685714286
209,207,67.125,0.240000001
209,208,135.804,1.062857253
210,12,738.136,0.833333333
210,211,2699.834259,0.617264075
210,212,33.156,0.560000002
210,469,531.734,0.666703904
211,13,475.801,0.666666667
211,208,3263.44,0.967840257
211,210,392.997,0.573341684
211,233,855.418,0.480232144
211,237,15.73,0.291428571
212,209,33.156,0.560000002
213,214,3836.558,0.201243456
213,454,537.7837037,0.32000032
214,10,2381.697,0.416666667
214,205,864.338,0.428705892
214,468,1905.919,0.293414635
214,475,108.477,0.325714292
215,205,11.579,0.514285714
215,207,56.256,0.411428572
216,217,302.233,0.171428876
216,221,0,0.28
216,224,1071.909,0.531909737
217,12,0,0.833333333
217,216,1071.909,0.171583786
217,220,545.7863188,0.154290747
217,222,302.233,0.120000213
217,223,0,0.188571429
218,210,0,0.42
219,222,1779.532,0.269868988
219,223,1245.720422,0.188620025
220,221,1037.366741,0.171446511
221,218,0,0.4
221,230,1037.366741,0.600062789
222,12,741.291,0.833333333
222,217,863.5553188,0.120037482
222,225,1758.405,0.155883958
223,217,754.14,0.18948907
223,220,491.5804223,0.222857733
224,13,1071.909,0.666666667
224,216,302.233,0.531429515
224,228,0,2.348571429
224,230,0,0.257142857
225,222,1047.234319,0.154410273
225,228,1295.665,0.617335866
225,234,462.74,0.36001084
226,235,2604.103982,0.344942957
226,238,1075.888,0.720923008
226,539,518.049,0.533359863
227,229,38.049,1.200000008
227,236,19.04,0.308571429
227,603,1313.202,0.72228054
228,15,149.238,0.833333333
228,225,1047.234319,0.617210522
228,227,1313.202,0.514299606
228,235,114.37,0.342857143
229,227,19.04,1.2
229,232,474.091,1.426714512
229,597,388.369,0.933346229
230,224,173.114,0.257142858
230,231,1037.366741,0.274314418
231,230,173.114,0.274285719
231,237,1037.366741,0.15430186
232,229,407.409,1.426691053
232,231,157.384,0.325714289
232,233,941.238,0.120084896
233,211,760.004,0.48013469
233,232,337.055,0.120000883
233,243,1036.578,0.42861611
234,533,1538.628,0.228092341
235,226,0,0.342857143
235,228,1196.472319,0.34290245
235,236,2646.568361,0.258614643
236,226,0,0.222857143
236,227,0,0.308571429
236,602,2665.608361,0.740809794
237,211,700.3857411,0.291429641
237,231,15.73,0.154285714
237,233,336.981,0.257142963
238,234,1075.888,0.120153835
238,235,1124.566698,0.926775688
238,242,0,0.333333333
239,240,0,0.24
239,576,374.095,0.173333426
240,241,0,0.3
240,242,0,0.34
241,538,0,0.213333333
241,574,0,0.093333333
242,238,1124.566698,0.333853564
242,239,0,0.173333333
242,240,0,0.34
242,533,0,0.257142857
243,232,694.885,0.428577664
243,244,1036.578,0.400434573
244,14,1036.578,0.583333333
244,243,694.885,0.400073425
244,245,0,0.48
244,246,0,1.133333333
245,244,0,0.48
246,244,0,1.133333333
247,81,0,0.833333333
247,82,0,0.833333333
247,83,0,0.833333333
247,248,2.519,2.23880597
248,247,0,2.23880597
248,249,528.388,0.447927346
248,1009,2312.017239,2.822894226
249,248,2309.498239,0.522420403
249,831,528.388,2.866735013
250,255,1102.772,0.720749694
250,853,1676.082272,0.963008252
250,1009,3679.427761,9.613942869
251,55,0,0.633333333
251,268,1038.382,0.411473382
251,891,787.7591365,0.120965205
252,257,0,0.942857143
252,263,961.089,1.029115573
252,268,457.3979789,1.601053887
253,255,3016.701203,0.629630574
253,262,2355.243047,1.162954701
253,266,68.95495324,1.200002072
254,39,139.2414449,0.833333333
254,256,14.098,1.2
254,267,118.8,2.000004319
254,887,54.907,1.800000069
255,33,550.379,1.083333333
255,38,143.8,0.783333333
255,250,3236.723486,0.870468044
255,253,2424.198,0.576189812
255,881,414.175931,3.086499517
256,254,28.22,1.200000003
256,264,83.05295324,1.200000858
256,266,322.672,2.402383899
257,252,0,0.942857143
257,269,249.7061575,0.800052774
257,979,32.426,0.685714286
258,259,0,0.3
258,887,0,0.9
259,258,0,0.3
259,260,155.534,1.400010449
259,265,1057.952,0.600117669
259,1019,3829.14209,0.881711654
260,259,871.676,1.429143635
260,646,0,3
260,898,155.534,0.900004136
261,48,52.427,0.75
261,887,101.55,2.100010992
262,38,715.442,0.783333333
262,46,275.408,1.083333333
262,253,3016.701203,1.278937103
262,263,2310.437047,1.693283986
263,46,481.903,1.083333333
263,94,340.97,0.833333333
263,101,3478.189,0.833333333
263,252,457.3979789,1.028585485
263,262,2678.116203,1.76247454
263,979,852.311,1.208965661
264,47,378.961,0.666666667
264,256,350.892,1.200651675
264,265,2957.46609,0.40757712
264,891,1280.272953,1.210053542
265,258,0,1.65
265,259,2957.46609,0.61136568
265,264,1057.952,0.400078446
266,255,322.672,1.351340943
266,256,68.95495324,2.400004144
267,38,2129.953,0.783333333
267,254,59.30444493,2.000000176
267,871,1723.568555,0.740000359
267,879,0,2
268,251,787.7591365,0.403217352
268,252,961.089,1.632145512
268,269,77.293,1.200001139
269,257,32.426,0.800000004
269,268,330.3611575,1.200912937
269,889,44.867,1.800000027
270,271,3517.230795,0.312351069
270,288,67.142,0.6
270,299,79.496,0.685714287
271,290,3517.230795,0.480005759
271,327,0,0.857142857
272,8,54.871,0.666666667
272,202,437.805,0.240000259
272,281,202.115,0.280000035
272,285,1333.537,0.266813045
273,208,1484.913,0.226722517
273,277,781.5,0.400020406
273,278,3102.685,1.463789317
274,7,691.275,0.666666667
274,280,613.333,0.200003474
274,282,331.15,0.266666966
274,360,1055.637,0.24
274,433,48.955,0.257142857
275,284,0,0.514285714
275,295,0,1
276,290,5409.229495,0.24403122
276,314,2826.373,0.360000109
277,9,875.865,0.5
277,273,1204.024,0.400139412
277,285,650.768,0.400009042
278,273,584.471,1.251485759
278,292,0,0.666666667
278,310,3102.685,1.927727427
279,282,27.292,0.346666667
279,288,765.642,0.266679086
279,428,0,0.377142857
280,274,205.55,0.200000027
280,283,682.083,0.266674096
281,7,228.508,0.666666667
281,202,643.394,0.308594057
281,272,1229.504,0.280107111
281,284,164.746,0.280000014
282,274,1185.898,0.266753546
282,279,300.454,0.346666919
282,298,443.835,0.257142957
282,360,0,0.2
283,7,0,0.666666667
283,280,139.91,0.266666673
283,284,682.083,0.266674096
283,437,24.836,0.2
284,281,682.083,0.280007801
284,283,164.746,0.26666668
285,272,650.768,0.266672695
285,277,1333.537,0.400219567
286,30,145.622,0.666666667
286,270,3576.027795,0.303152026
286,326,80.34,0.857142861
287,32,0,0.666666667
287,286,3490.710795,0.454280511
287,354,1326.780408,0.36
288,279,27.292,0.266666667
288,287,829.611,0.450011527
289,270,87.841,0.12
289,354,6554.246592,0.684115474
290,1,2602.489495,1.083333333
290,276,2064.310795,0.24
290,289,6642.087592,0.735378297
291,292,0,0.857142857
291,296,0,1.885714286
292,291,0,0.857142857
292,293,0,0.266666667
292,294,0,0.342857143
293,275,0,0.8
293,292,0,0.266666667
293,294,0,0.171428571
294,283,0,1.028571429
294,285,0,0.6
295,275,0,1
295,296,0,1.2
295,297,0,0.857142857
296,291,0,1.885714286
296,295,0,1.2
296,300,0,2.571428571
297,295,0,0.857142857
297,298,0,0.257142857
297,299,0,0.533333333
298,5,443.835,0.5
298,274,593.426,0.342857699
298,297,0,0.257142857
299,5,79.496,0.5
299,288,24.119,0.685714286
299,297,0,0.533333333
299,300,0,1
300,296,0,2.571428571
300,299,0,1
300,316,0,2.8
301,3,0,1.083333333
301,4,0,1.083333333
301,302,0,1.26
301,306,0,1.272
302,2,0,1.666666667
302,301,0,1.26
302,303,0,3.48
302,304,0,3.24
303,302,0,3.48
303,304,0,1.2
304,2,0,1.666666667
304,76,15.713,0.833333333
304,79,0,0.833333333
304,80,0,0.833333333
304,85,0,0.833333333
304,90,0,0.833333333
304,302,0,3.24
304,303,0,1.2
304,1020,414.355,2.000001403
305,312,2349.568,0.181847338
305,313,2117.312,0.27360164
305,321,1541.43,0.363644657
306,3,8599.022,1.083333333
306,4,0,1.083333333
306,301,0,1.272
306,308,72.832,1.080000009
306,310,676.351,0.733338565
306,1020,234.962,1.000000048
307,1,2656.009505,1.083333333
307,308,3001.301,0.269441918
307,311,0,0.133333333
307,312,751.576,0.533472076
308,306,3001.301,1.212488629
308,307,72.832,0.240000002
308,309,0,0.514285714
309,308,0,0.514285714
309,310,0,2.005714286
309,311,0,1.542857143
310,5,91.88,1.083333333
310,278,584.471,2.060054114
310,306,3203.623,0.741581159
310,309,0,2.005714286
311,307,325.98,0.133351767
311,309,0,1.542857143
311,316,0,0.428571429
312,305,749.922,0.18181833
312,307,4915.960505,1.120182088
312,315,1.654,0.266666667
313,74,1147.201,0.833333333
313,79,93.51,0.833333333
313,80,212.68,0.833333333
313,84,1342.574,0.833333333
313,85,234.062,0.833333333
313,86,6.616,0.833333333
313,88,187.012,0.833333333
313,89,50.447,0.833333333
313,90,94.286,0.833333333
313,105,1208.793,0.833333333
313,107,40.524,0.833333333
313,305,1166.556,0.267156522
313,312,2566.392505,0.282976733
313,315,5407.575495,0.244010525
314,276,5409.229495,0.36604683
314,315,2500.393,0.540000021
314,316,325.98,1.028651931
315,305,0,0.2
315,312,0,0.266666667
315,313,2500.393,0.240000009
315,314,5409.229495,0.549070245
316,1,0,1.083333333
316,300,0,2.8
316,311,325.98,0.428604971
316,314,0,1.028571429
317,27,357.628,0.666666667
317,319,6508.965,0.305986298
317,333,1477.604494,0.200173229
317,841,3585.357506,0.226935458
318,332,3412.688,0.267104664
318,334,1036.015,1.029358925
319,317,5078.502,0.301849036
319,321,8048.93,0.571524099
319,334,261.254,0.17142872
320,329,2660.282494,0.347089857
320,340,2779.958,0.527480527
321,74,4239.758,0.833333333
321,90,243.2,0.833333333
321,305,4091.832,0.364395877
321,319,4811.246,0.547864944
321,335,543.247,0.301015693
322,26,283.065,0.666666667
322,74,376.9,0.833333333
322,76,207.64,0.833333333
322,77,136.47,0.833333333
322,81,119.13,0.833333333
322,82,43.139,0.833333333
322,83,26.464,0.833333333
322,85,13.23,0.833333333
322,86,0,0.833333333
322,87,106.75,0.833333333
322,88,14.89,0.833333333
322,90,14.89,0.833333333
322,318,4448.703,0.159370904
322,335,0,2.057142857
322,844,0,0.5
323,320,4804.582494,0.745730938
323,324,0,0.133333333
323,833,0,0.84
324,323,4804.582494,0.155176451
324,333,0,0.266666667
325,29,1730.156,0.75
325,323,0,1.38
325,326,26.524,0.908571429
325,334,1474.665,1.033050958
325,340,893.6434084,1.20011112
326,286,26.524,0.857142857
326,325,80.34,0.908571431
326,327,1611.812205,0.514757016
327,276,762.0622049,0.413352186
327,290,1230.432592,0.334109424
327,331,0,0.942857143
328,28,0,0.666666667
328,320,635.658,0.36004447
328,330,219.337,0.514285903
328,1014,0,0.737142857
329,328,219.337,0.720000264
329,339,2660.282494,0.200244149
330,323,0,0.9
330,833,219.337,0.257142951
331,29,491.93,0.75
331,327,380.6825916,0.943015545
331,335,610.237,0.686890703
332,333,3412.688,0.828639949
332,851,416.462,0.514286316
333,27,144.422,0.666666667
333,317,121.141,0.200000003
333,324,4804.582494,0.310352901
333,332,149.864,0.800000026
334,319,2068.475,0.17537948
334,325,436.861,1.028582639
334,332,266.598,0.685714942
335,321,525.86,0.300888355
335,322,135.694,2.057145008
335,331,491.93,0.686121383
336,758,5643.057268,0.699658245
336,834,1645.884,0.600147836
336,1016,5442.731483,0.287834087
336,1017,2437.204517,0.240591742
337,336,2500.10268,0.347532611
337,1015,571.781,0.565737489
338,337,3071.88368,0.174415118
338,364,1069.112494,0.188576981
338,448,0,0.6
339,28,1692.649,0.666666667
339,329,207.677,0.200003725
339,350,652.678,0.360000933
339,367,4159.598494,0.391069905
339,448,689.893,0.428572888
339,1014,1958.053,0.324
340,30,1364.564,0.666666667
340,325,2356.495,1.074026374
340,351,845.73,0.308574294
340,352,1609.790408,0.400141128
340,399,1347.345,0.240022072
341,346,2938.592613,0.147418179
342,382,1194.949,0.084
342,408,1105.273205,0.186674768
343,404,2918.503,0.190000191
343,785,1317.673,0.168
344,378,533.584,0.186667152
344,383,1328.802205,0.173350395
345,354,0,0.222857143
345,355,6772.106,0.168000214
345,387,533.584,0.200000521
346,326,1611.812205,0.72016004
346,353,1326.780408,0.200029871
347,32,1614.091,0.666666667
347,371,1849.582,0.186788772
347,399,2368.867,0.467006769
347,446,1066.614,0.200004197
348,389,2723.402213,0.17560908
348,444,1016.253205,0.173341245
349,37,0,0.7
349,392,2161.868205,0.173481844
349,395,53.778,0.173333333
350,329,11.66,0.2
350,339,417.915,0.360000104
350,351,652.678,0.291429327
351,340,652.678,0.308572228
351,350,429.575,0.291428668
351,398,416.155,0.373333655
352,341,1609.790408,0.186732526
352,377,0,0.373333333
353,287,3484.481204,0.202185915
354,345,6258.464,0.156000053
354,425,1622.563,0.200073088
355,32,366.781,0.666666667
355,345,0,0.24
355,356,6405.325,0.156000387
355,358,137.7,0.200000001
356,32,500.117,0.666666667
356,355,0,0.222857143
356,417,256.895,0.20000002
356,423,7185.68,0.168002883
357,345,1047.226,0.200010432
357,425,401.522,0.173333791
358,357,350.031,0.186666935
358,429,134.39,0.173333334
359,356,125.261,0.200000001
359,358,346.721,0.173333572
360,357,1098.717,0.160010331
360,428,0,0.24
360,435,0,0.257142857
361,359,24.836,0.173333333
361,430,48.955,0.186666667
362,432,0,0.257142857
362,434,0,0.24
362,438,0,0.173333333
363,440,505.759,0.240000298
364,338,33.93,0.188571429
364,758,1069.112494,0.291437152
364,779,0,0.333333333
365,338,729.5824942,0.253335983
365,368,227.23,0.173333343
365,448,1766.281,0.267177326
366,31,1240.581,0.616666667
366,338,3377.48368,0.296124233
366,365,1993.511,0.214033011
366,369,0,0.222857143
367,365,729.5824942,0.266676688
367,368,3689.436,0.196118274
368,369,3049.144509,0.177094065
368,400,867.5214908,0.360008131
369,768,3049.144509,0.190716685
370,367,259.42,0.360000038
370,400,781.494,0.186676189
371,398,1849.582,0.173446716
371,399,0,0.48
372,371,0,0.24
372,374,0,0.186666667
373,370,140.92,0.173333335
373,372,0,0.222857143
374,347,3043.003,0.190680543
374,446,28.14,0.066666667
375,373,140.92,0.186666668
375,374,3071.143,0.177216204
376,375,3071.143,0.190848219
376,381,696.46,0.173334808
377,378,0,0.173333333
377,383,0,0.186666667
378,347,533.584,0.173333784
378,379,0,0.186666667
379,380,0,0.173333333
379,384,28.14,0.186666667
380,381,115.975,0.186666667
380,447,140.92,0.066666667
381,405,853.561,0.186752168
381,407,1025.488,0.186675537
381,447,502.23,0.200000147
382,405,868.225,0.200001681
382,406,1317.673,0.084
383,341,1328.802205,0.373370081
383,409,0,0.173333333
384,344,1328.802205,0.18668504
384,411,28.14,0.173333333
385,380,256.895,0.186666686
385,384,1328.802205,0.173350395
386,353,2157.700795,0.375074164
386,354,0,0.2
387,386,2157.700795,0.174141576
387,410,533.584,0.186667152
388,343,2918.503,0.176428749
388,442,728.3694908,0.173339799
389,388,2723.402213,0.189117471
389,801,41.45,0.186666667
390,382,990.949,0.186669491
390,391,1398.510047,0.053369505
391,342,1105.273205,0.173340856
391,393,1464.156047,0.173477485
392,390,990.949,0.200003026
392,391,1170.919205,0.186677137
392,443,41.45,0.186666667
393,37,1986.627,0.7
393,394,0,0.186666667
393,421,1047.205047,0.18670165
394,392,41.45,0.173333333
394,395,0,0.173333333
395,396,53.778,0.186666667
395,493,0,0.186666667
396,422,2872.592795,0.176218052
396,464,53.778,0.2
397,370,899.994,0.173349897
397,372,0,0.173333333
398,397,899.994,0.186684505
398,445,1365.743,0.200033973
399,340,2368.867,0.240355246
399,347,1347.345,0.600018391
399,351,0,0.186666667
400,401,799.9154908,0.173343141
400,402,849.1,0.173336892
401,403,0,0.222857143
401,808,799.9154908,0.186677228
402,373,0,0.24
402,376,849.1,0.186670499
403,402,0,0.222857143
403,404,0,0.24
404,376,2918.503,0.176428749
404,405,0,0.274285714
405,31,625.89,0.616666667
405,381,502.23,0.186674756
405,406,1835.244,0.200126378
405,408,385.713,0.18857149
406,343,1317.673,0.156
406,442,1835.244,0.173442861
407,385,1328.802205,0.18668504
407,413,1072.652,0.173343392
408,407,1375.966205,0.173353256
408,414,115.02,0.222857143
409,386,0,0.186666667
409,410,0,0.173333333
410,344,533.584,0.173333784
410,411,0,0.186666667
411,412,0,0.173333333
411,416,28.14,0.186666667
412,385,256.895,0.173333351
412,413,0,0.186666667
413,414,463.528,0.1733342
413,418,609.124,0.186667542
414,415,463.528,0.1866676
414,419,115.02,0.24
415,342,1194.949,0.156
415,393,1428.727,0.17346261
416,355,28.14,0.2
416,387,2157.700795,0.187537082
417,412,256.895,0.186666686
417,416,2157.700795,0.174141576
418,417,2157.700795,0.187537082
418,423,931.61,0.200006202
419,418,2480.186795,0.174834727
419,424,857.129,0.257147141
420,415,2160.148,0.168
420,419,3222.295795,0.191843987
421,420,3071.602795,0.177218789
421,474,848.1950474,0.200014684
422,394,41.45,0.186666667
422,421,2872.592795,0.189773287
423,356,374.856,0.240001231
423,424,7747.64,0.156009508
423,426,47.164,0.2
424,6,951.269,0.833333333
424,423,52.37,0.222857143
424,427,135.7,0.257142858
424,452,9454.122,0.168291901
425,6,511.41,0.833333333
425,279,465.188,0.266668022
425,428,1614.825,0.08002862
426,359,447.146,0.186667462
427,426,399.982,0.173333459
427,431,135.7,0.222857143
428,279,0,0.377142857
428,282,1571.745,0.146713193
428,360,43.08,0.24
429,361,0,0.173333333
429,435,134.39,0.066666667
430,362,0,0.186666667
430,426,0,0.173333333
430,431,48.955,0.173333333
431,436,135.7,0.24
431,449,48.955,0.186666667
432,361,73.791,0.12
432,435,0,0.257142857
433,280,134.39,0.200000001
433,434,48.955,0.222857143
434,362,0,0.24
434,432,73.791,0.066666667
435,360,0,0.257142857
435,432,0,0.257142857
435,433,134.39,0.133333334
436,362,0,0.222857143
436,363,505.759,0.222857419
437,434,24.836,0.173333333
438,439,0,0.186666667
439,284,0,0.2
440,441,505.759,0.222857419
441,281,505.759,0.257143176
442,390,1398.510047,0.133423761
442,443,1165.103443,0.186682312
443,389,41.45,0.173333333
443,444,1165.103443,0.173347861
444,349,1016.253205,0.186675187
444,504,1165.103443,0.186682312
445,339,1365.743,0.160027179
445,350,0,0.2
446,347,502.23,0.200000147
446,379,28.14,0.093333333
446,447,1066.614,0.160003358
447,375,140.92,0.093333334
447,381,1066.614,0.200004197
447,446,502.23,0.160000118
448,31,689.893,0.616666667
448,338,0,0.6
448,339,2098.458,0.428920682
449,477,209.824,0.156
449,519,48.955,0.173333333
450,44,2597.546,0.666666667
450,492,0,17
450,497,48.877,0.173333339
450,507,415.9757037,0.186666674
451,491,0,13
451,495,3035.968313,0.156
452,420,2310.841,0.18
452,424,18.33,0.24
452,474,7779.772,0.15600205
453,459,73.03,0.462857143
453,468,2081.557,0.132
453,475,10591.49936,0.240567319
454,213,800.4923423,0.322401552
454,455,9671.35236,0.228116753
454,475,8.309,0.257142857
454,513,355.5217037,0.200000004
455,44,1526.244,0.666666667
455,454,8.309,0.325714286
455,471,4700.580047,0.168
455,520,5642.300277,0.180048542
456,6,126.949,0.833333333
456,8,43.41,0.666666667
456,488,316.624,0.156
456,489,837.308,0.240100924
457,490,4529.727629,0.270258165
457,507,304.87,0.173351127
457,806,355.5217037,0.18666668
458,37,2691.123,0.7
458,460,3601.208417,0.362428832
458,505,5018.559822,0.176890073
459,37,398.233,0.7
459,453,8914.695047,0.324042113
459,464,0,0.222857143
459,499,2278.469,0.18
460,348,3598.727417,0.195128021
460,803,1091.951,0.168
461,457,4409.358998,0.252018875
461,508,1357.752385,0.156
462,450,0,18
462,498,1244.352385,0.156
463,213,3121.298361,0.268453321
463,486,7072.338957,0.100347198
464,459,8020.917047,0.156003426
464,479,53.778,0.2
464,517,0,0.222857143
465,480,886.263,0.120064965
465,484,278.147,0.186667251
466,459,2932.265,0.108
466,480,1258.866,0.160412349
466,487,309.77,0.17333421
467,349,864.119,0.186669379
467,504,1048.08,0.168
468,483,1105.51,0.156
468,487,2881.966,0.186991933
469,210,3220.272259,0.778516613
469,545,504.364,0.37714399
469,547,27.37,0.400000001
470,463,2481.016337,0.187117325
470,481,372.564,0.186666765
471,455,441.647,0.240001726
471,476,4565.711047,0.156
471,515,154.006,0.200000002
472,462,0,13
472,509,154.006,0.186666669
473,44,2415.66,0.666666667
473,461,3774.091063,0.183041221
473,819,483.629,0.18666698
474,8,544.811,0.666666667
474,452,444.997,0.222858807
474,478,62.239,0.2
474,517,8062.367047,0.168004024
475,214,1206.751,0.326602226
475,453,8.309,0.342857143
475,454,9489.09036,0.180066918
475,512,4.135,0.257142857
476,471,88.22,0.222857143
476,482,38.14,0.2
476,568,4565.711047,0.168
477,427,399.982,0.186666802
477,452,209.824,0.18
478,477,399.982,0.173333783
478,519,45.64,0.173333333
479,465,41.368,0.08
479,518,383.383,0.173333706
480,8,651.114,0.666666667
480,465,236.779,0.120000184
480,466,1618.935,0.1612618
480,479,370.973,0.093333507
481,471,372.564,0.200000105
481,482,0,0.222857143
482,485,38.14,0.186666667
482,569,0,0.24
483,205,1415.28,0.306689298
484,465,886.263,0.186767724
484,489,278.147,0.266667502
484,518,0,0.2
485,470,2481.016337,0.187117325
485,546,38.14,0.133333333
486,469,3220.272259,0.264000006
486,545,4112.289698,0.150014816
487,466,2881.966,0.176260137
487,483,309.77,0.280000065
488,436,370.059,0.240000038
488,449,209.824,0.168
489,215,0,1.6
489,456,60.528,0.240000001
489,484,837.308,0.266778805
489,488,263.259,0.22285717
490,458,4529.727629,0.285272508
490,506,0,0.222857143
490,805,4.135,0.24
491,467,0,13
491,494,0,0.222857143
492,451,0,20
492,496,0,0.222857143
492,506,4.135,0.24
493,467,1912.199,0.156
493,494,0,0.173333333
494,495,0,0.173333333
495,496,0,0.266666667
495,511,3035.968313,0.168
496,492,4.135,0.222857143
496,497,0,0.213333333
496,512,0,0.24
497,450,355.5217037,0.173333337
497,498,0,0.24
497,513,48.877,0.186666672
498,500,0,0.173333333
498,514,1244.352385,0.168
499,396,2872.592795,0.189773287
499,493,1912.199,0.168
500,472,154.006,0.173333335
500,503,90.89,0.173333334
501,473,6076.351063,0.253999807
501,510,38.14,0.173333333
502,472,0,13
502,503,38.14,0.173333333
503,44,90.89,0.666666667
503,516,38.14,0.186666667
503,566,67.913,0.186666667
504,460,1089.47,0.156
504,505,1123.713443,0.346691406
505,451,3035.968313,0.168
505,506,3106.304953,0.254994705
506,490,4.135,0.222857143
506,492,0,0.24
506,507,3106.304953,0.228153157
507,450,2597.546,0.449228085
507,457,415.9757037,0.173333358
507,508,813.6289526,0.226670516
508,462,1244.352385,0.168
508,509,927.0289526,0.173338592
509,473,267.406,0.173333354
509,510,813.6289526,0.173336277
510,502,38.14,0.186666667
510,564,813.6289526,0.186669837
511,453,3823.082313,0.180000002
511,499,2506.322795,0.349812715
512,475,0,0.257142857
512,496,4.135,0.24
512,511,3293.436795,0.274816946
513,454,800.4923423,0.20150097
513,497,355.5217037,0.18666667
513,512,3293.436795,0.219853557
514,455,1620.638964,0.18
514,513,4045.052137,0.272644648
515,500,244.896,0.186666682
515,514,4421.338717,0.192955595
516,476,38.14,0.2
516,515,4512.228717,0.194813606
517,422,41.45,0.2
517,464,8020.917047,0.156003426
517,474,0,0.24
518,478,383.383,0.186667068
518,517,0,0.2
519,484,48.955,0.186666667
519,489,45.64,0.186666667
520,463,5642.300277,0.168045306
520,481,0,0.24
521,527,5309.012353,0.21421341
521,528,4857.889205,0.218784606
521,551,0,0.24
521,555,4479.976121,0.220460021
521,682,0,0.222857143
522,45,0,0.666666667
522,529,0,14
522,551,0,0.222857143
522,552,0,0.222857143
523,530,0,0.24
523,542,0,0.257142857
523,553,0,0.257142857
523,581,4266.083047,0.156
524,536,5299.3447,0.228371944
524,657,26.484,0.171428571
524,673,3227.401342,0.201554703
525,53,302.29,0.5
525,537,1276.721442,0.240321487
525,586,512.357,0.200000161
525,595,4267.631047,0.168
526,463,2070.320704,0.160620809
526,470,372.564,0.066666702
527,521,4479.976121,0.206681269
527,528,2010.661465,0.066893804
527,716,5309.012353,0.21421341
528,548,1595.276181,0.173544403
528,563,5273.274489,0.21628562
529,549,999.968,0.173359791
529,565,0,13
530,45,600.961,0.666666667
530,523,4266.083047,0.168
530,541,194.743,0.200000021
530,568,258.119,0.222857257
531,570,2481.016337,0.173751802
531,572,89.43,0.173333334
532,533,4156.257698,0.204786724
532,571,21.542,0.106666667
533,15,1893.431,0.833333333
533,219,3025.252422,0.367542295
533,242,1124.566698,0.257152569
533,571,2351.276,0.400760559
533,573,374.095,0.188571559
534,531,2375.703337,0.187038284
534,542,0,0.24
534,573,1458.102422,0.222981823
535,555,6210.038,0.228535421
535,559,959.436,0.186673264
535,589,3992.424645,0.204003001
535,721,1774.39261,0.173427612
536,524,3227.401342,0.214991684
536,561,2511.820663,0.161466237
536,588,0,13
536,589,5299.3447,0.214098697
537,525,3945.116047,0.168
537,540,0,0.24
537,544,4699.908999,0.229708076
538,15,1902.242,0.833333333
538,539,1948.778663,0.190023946
538,574,1465.345335,0.186710027
539,226,1407.631663,0.53559182
539,579,1059.196,0.186670464
540,537,4026.586047,0.168
540,580,0,0.222857143
540,584,337.087,0.200000243
541,531,194.743,0.186666686
541,542,0,0.24
542,523,0,0.257142857
542,534,0,0.24
542,577,0,0.222857143
543,540,75.31,0.2
543,544,0,0.24
544,538,4699.908999,0.214394204
544,579,0,0.24
545,526,504.364,0.066666802
545,547,4112.289698,0.300029631
546,526,1938.520704,0.213505286
546,547,38.14,0.133333333
547,532,4177.799698,0.116053015
548,529,999.968,0.173359791
548,551,1408.937134,0.186703083
549,550,999.968,0.18669516
549,552,67.913,0.186666667
550,530,0,0.2
550,567,4342.329717,0.191443919
551,45,703.0781809,0.666666667
551,521,0,0.24
551,522,0,0.222857143
551,556,705.8589526,0.173334898
552,522,0,0.222857143
552,553,0,0.24
552,558,67.913,0.173333334
553,523,0,0.257142857
553,550,3342.361717,0.192758433
553,552,0,0.24
554,521,5052.696558,0.224919696
554,726,742.5829943,0.173340379
555,45,1625.323819,0.666666667
555,521,5114.205,0.226172697
555,535,4267.250302,0.205381778
555,554,649.962,0.106669065
556,535,1044.421953,0.173342268
556,555,19.041,0.08
557,522,0,13
557,556,357.604,0.173333607
558,557,357.604,0.173333607
558,560,62.124,0.186666667
559,557,0,14
559,560,959.436,0.173339459
560,583,959.436,0.186673264
560,587,62.124,0.173333333
561,562,313.976,0.186666832
561,585,2521.745663,0.188407533
562,524,305.678,0.068571446
562,673,520.655,0.200001677
563,501,5273.274489,0.232922976
563,716,312.1952963,0.160000038
564,548,813.6289526,0.186669837
564,563,312.1952963,0.173333375
565,502,0,14
565,564,312.1952963,0.173333375
566,549,67.913,0.173333334
566,565,312.1952963,0.173333375
567,516,4512.228717,0.209799268
567,566,312.1952963,0.186666711
568,476,88.22,0.240000001
568,530,4687.813047,0.156
568,567,482.0942963,0.200000332
569,541,0,0.222857143
569,568,434.2972963,0.200000208
570,485,2481.016337,0.187117325
570,569,434.2972963,0.186666861
571,546,1938.520704,0.200161206
571,570,434.2972963,0.173333514
571,572,0,0.222857143
572,573,89.43,0.24
573,239,374.095,0.22285718
573,533,1547.532422,0.188712858
573,534,0,0.222857143
574,543,75.31,0.186666667
574,575,1390.035335,0.173365178
575,240,0,0.186666667
575,576,3833.80576,0.189786587
576,534,3833.80576,0.176230402
576,577,374.095,0.186667027
577,578,0,0.24
577,581,374.095,0.200000386
578,543,0,0.222857143
578,575,2443.770424,0.187088014
579,525,1059.196,0.200004069
579,538,0,0.18
579,595,0,0.514285714
580,540,4288.363047,0.156
580,578,2443.770424,0.200451444
580,581,0,0.24
581,523,0,0.222857143
581,580,4288.363047,0.168
581,582,351.815,0.200000294
582,553,3342.361717,0.178989974
582,558,351.815,0.186666941
583,580,2443.770424,0.200451444
583,582,3342.361717,0.187295309
584,583,4826.696141,0.202315086
584,587,893.1,0.186683905
585,53,466.338,0.5
585,537,3341.717557,0.206521302
585,584,5382.709141,0.220392799
586,562,512.357,0.240000063
586,585,5380.592035,0.237257529
587,561,323.901,0.173333509
587,588,631.323,0.173336757
588,559,0,0.173333333
588,589,631.323,0.066667984
589,535,5741.38,0.220131385
589,536,3992.424645,0.204003001
589,721,189.2876997,0.133333346
590,535,1883.239,0.186798965
590,554,5145.317553,0.228137253
591,594,1963.839,0.339537223
591,595,0,0.685714286
591,945,5118.949047,1.54171882
592,611,3151.771958,0.2673584
592,946,130.838,1.200000035
593,600,95.237,0.300000006
593,606,0,0.3
593,607,0,0.222857143
594,640,2232.739,0.666775351
595,525,1276.721442,0.240321487
595,591,5360.173953,0.480001277
596,597,0,0.771428571
596,599,821.987,0.173344402
597,17,240.694,0.666666667
597,229,436.042,0.933354912
597,598,147.675,0.173333366
598,597,416.194,0.173336591
598,599,15.733,0.737142857
598,619,131.942,0.880000078
599,608,0,0.222857143
599,610,837.72,0.186679635
600,601,84.624,0.171428572
600,609,0,0.5
600,612,125.029,0.560000039
601,16,2102.838639,1
601,604,2790.409319,0.347189962
602,16,2173.893361,1
602,603,578.795,0.137143668
602,605,95.237,0.222857143
603,227,38.049,0.72
603,606,0,0.28
603,621,1853.948,0.343483041
604,226,2790.409319,0.78388643
605,593,95.237,0.222857143
605,604,0,0.24
606,593,0,0.3
606,603,0,0.28
606,605,0,0.085714286
607,596,0,0.222857143
607,606,0,0.377142857
608,17,1274.532,0.666666667
608,600,114.416,0.257142858
608,607,0,0.222857143
609,608,1274.532,0.240069221
609,610,0,0.222857143
610,614,837.72,0.173345376
610,618,0,0.908571429
611,601,4344.340958,0.363889623
612,592,130.838,0.420000036
612,611,1192.569,0.102878528
613,609,1274.532,0.240069221
613,612,1198.378,0.377223169
614,613,682.262,0.222860106
614,616,831.911,0.18667924
615,613,1790.648,0.240369243
615,616,286.271,0.222866344
616,615,0,0.222857143
616,617,1085.927,0.247032618
616,919,32.255,1.066666667
617,19,931.598,0.833333333
617,614,676.453,0.462863042
617,616,0,0.24
617,618,416.194,0.222915228
618,617,131.942,0.222857346
618,619,416.194,0.137178602
619,598,416.194,0.88004314
619,618,131.942,0.137142982
619,918,0,1.6
620,621,0,0.771428571
621,17,1042.713,0.666666667
621,596,821.987,0.33335462
621,620,0,0.771428571
622,623,1334.950278,0.481280511
622,883,737.897,0.857266286
623,50,368.447,0.5
623,622,689.077,0.480049343
623,636,2357.624279,0.347314306
623,646,1200.516278,1.030198455
624,61,353.519,0.583333333
624,627,1403.972278,0.066945729
624,641,2657.279,0.542841497
624,646,1430.795279,1.032431985
625,49,885.292,0.75
625,629,1034.429,0.600455921
625,641,431.242,0.426676057
625,653,2853.119,0.89618916
626,638,4408.663342,0.150234878
626,640,5502.387795,0.462308218
626,658,0,55
627,58,495.383,0.533333333
627,624,4053.690279,0.097787336
627,892,747.6932776,0.666836147
627,899,344.668,0.600002035
628,630,1553.838602,0.533503118
628,642,234.366,0.533350338
628,643,0,1
629,62,364.672,0.666666667
629,625,513.927,0.600014554
629,628,0,1.1
629,632,839.78,0.685739638
629,653,3326.488163,0.481577136
630,61,552.79,0.583333333
630,628,234.366,0.466681546
630,629,3910.290163,0.56830326
630,632,5889.976626,0.407508277
630,902,6454.480722,0.665387559
630,1013,2899.480639,0.810497145
631,646,0,0.3
631,899,219.593,1.000001502
632,64,972.8184972,0.75
632,630,5901.364722,0.407577249
632,637,7356.434626,0.231830107
632,924,243.563,0.411428606
633,40,1195.074,1.083333333
633,634,2334.12,0.568924353
633,644,2369.934,0.180002584
634,635,137.436,0.257142867
634,649,1582.97,1.086667746
634,667,1158.812,0.560045819
634,885,1224.956,0.68691213
635,634,931.256,0.257259329
635,644,48.82,0.428571429
635,1019,2607.642722,0.267469943
636,623,463.607,0.333343454
636,645,2357.624279,0.240737782
636,650,0,0.506666667
637,62,554.42,0.666666667
637,632,5960.74622,0.224369769
637,638,5775.722795,0.194037959
637,713,4740.621131,0.60026047
638,626,5502.387795,0.181588822
638,637,5936.51322,0.202464709
638,923,1649.608455,0.426834478
639,947,62.073,1.200000003
640,52,378.079,0.533333333
640,626,4408.663342,0.133496034
640,659,5142.538795,0.420918795
641,624,418.812,0.506676458
641,625,2286.25,0.442276179
641,642,406.639,0.600139483
642,61,19.02,0.583333333
642,628,1553.838602,0.609717849
642,641,23.18,0.6
642,893,267.626,0.733375513
643,896,0,0.6
644,622,1383.770278,0.401569882
644,635,1034.983722,0.343118358
645,636,47.16,0.205714287
645,700,1255.860722,0.426846023
645,1018,2357.624279,0.267486425
646,49,335.909,0.75
646,260,0,3
646,623,2428.956279,1.080858324
646,624,857.9142776,1.028882503
646,631,219.593,0.300010953
647,656,391.5113003,0.173333447
647,753,0,0.222857143
648,647,0,0.222857143
648,710,0,0.222857143
649,634,137.436,1.08000004
649,665,0,0.274285714
649,679,1657.5,0.343217706
649,683,28.99,0.171428571
649,885,392.891,1.000021865
650,636,416.447,0.506676215
651,740,0,0.222857143
652,50,243.526,0.5
652,650,416.447,0.080000069
652,701,3643.053785,0.181629795
653,62,316.987,0.666666667
653,625,356.91,0.805717532
653,706,3466.552785,0.803014931
653,712,3602.453378,0.209107542
654,704,395.637,0.173333453
654,751,3424.802678,0.179637194
655,51,540.948,0.583333333
655,629,0,1.14
655,708,3061.505378,0.545114836
655,712,135.881,0.253333339
656,654,758.9343003,0.186668993
656,709,0,0.173333333
657,536,0,14
657,671,26.484,0.222857143
658,672,0,0.173333333
658,756,0,13
659,52,136.761,0.533333333
659,673,11169.34318,0.802352448
660,666,3703.48756,0.196279372
660,680,4.135,0.222857143
660,681,0,0.24
661,647,391.5113003,0.173333447
661,754,5134.50383,0.211483214
662,668,3804.411374,0.211607079
662,693,0,0.222857143
663,669,5107.11383,0.226785663
663,695,0,0.222857143
664,53,495.334,0.5
664,591,1722.614094,0.471516594
664,594,268.9,0.200000089
665,649,103.52,0.27428579
665,677,715.845,0.306677257
666,42,0,0.666666667
666,678,2026.118284,0.187324678
666,717,5343.519073,0.218888474
667,651,0,0.274285714
667,688,1187.802,0.160014611
668,43,0,0.583333333
668,690,1152.531361,0.186681575
668,730,4184.35156,0.188692787
669,670,1885.295726,0.186799608
669,722,4512.84783,0.194826712
670,536,1746.797361,0.200364565
670,671,1435.016976,0.186706177
671,663,0,0.24
671,698,1461.500976,0.186709524
672,661,0,0.186666667
672,711,2275.313333,0.173618136
673,524,5020.1507,0.204109718
673,664,2062.303094,0.466850326
673,720,7749.856382,0.257972257
673,750,2398.326342,0.174626603
674,675,356.0495733,0.186666956
674,778,4987.469499,0.286421769
675,676,356.0495733,0.13333354
675,718,680.069,0.186671799
676,42,1174.886,0.666666667
676,715,841.2165733,0.053337108
676,716,4464.519302,0.206579389
676,777,6545.39665,0.236052762
677,741,3771.229797,0.154853382
678,681,680.069,0.186671799
678,719,2026.118284,0.173944344
679,42,955.891,0.666666667
679,649,530.327,0.342858461
679,677,3055.384797,0.190753667
679,680,0,0.342857143
680,660,0,0.222857143
680,679,4.135,0.342857143
680,685,105.08,0.173333335
681,660,4.135,0.24
681,682,0,0.222857143
681,687,675.934,0.173337972
682,521,0,0.222857143
682,681,0,0.222857143
682,719,0,0.24
683,738,28.99,0.205714286
684,679,2649.601797,0.175347419
684,683,0,0.2
685,684,165.636,0.173333342
685,732,124.14,0.186666669
686,660,3703.48756,0.182259417
686,685,184.696,0.173333348
687,42,489.877,0.666666667
687,686,184.696,0.186666682
687,727,1421.37,0.186802729
688,43,611.5969964,0.583333333
688,689,1152.531361,0.173347177
688,736,3049.544797,0.177096261
689,43,19.06,0.583333333
689,668,1152.531361,0.173347177
689,693,105.08,0.200000001
690,691,1291.029726,0.173356261
690,694,1014.906634,0.200032609
691,669,1291.029726,0.173356261
691,724,0,0.222857143
692,651,0,0.171428571
692,688,3418.531154,0.207214653
693,692,0,0.222857143
693,734,105.08,0.186666668
694,662,0,0.24
694,696,1014.906634,0.173361594
695,691,0,0.257142857
695,694,0,0.222857143
696,43,192.2693039,0.583333333
696,723,1622.79018,0.173396715
696,745,1634.83554,0.173568688
697,663,5107.11383,0.226785663
697,698,1650.18018,0.186740197
698,699,1776.894,0.173428205
698,748,1334.787156,0.173359924
699,52,564.545,0.533333333
699,657,0,14
699,673,2313.237,0.173639856
700,50,345.106,0.5
700,650,0,0.24
700,701,1960.852722,0.093412493
701,702,1358.586722,0.173362097
701,743,4245.319785,0.189713059
702,51,992.605,0.583333333
702,704,198.767,0.173333353
702,751,1662.512722,0.17340391
703,729,3996.680678,0.185858188
703,744,2063.791086,0.173517896
704,652,56.388,0.173333333
704,707,538.016,0.173335015
705,640,1752.056342,0.534318587
705,658,0,0.173333333
706,51,0,0.583333333
706,652,4246.638785,0.189735697
706,707,0,0.222857143
707,708,0,0.222857143
707,712,538.016,0.69334006
708,654,3061.505378,0.177162322
708,709,0,0.24
709,648,0,0.222857143
709,655,0,0.86
710,51,334.532,0.583333333
710,661,5526.015131,0.226224238
710,711,652.89,0.240000623
711,714,2928.203333,0.4556199
712,653,673.897,0.200005281
712,655,3602.453378,0.264869553
713,710,4740.621131,0.461738823
713,714,0,0.257142857
714,52,24.08,0.533333333
714,638,2904.123333,0.294759544
714,640,0,0.514285714
714,658,0,1
715,501,841.2165733,0.186679878
715,819,0,0.24
716,527,4464.519302,0.206579389
716,676,5621.20765,0.218324399
716,718,0,0.213333333
717,674,5343.519073,0.218888474
718,678,680.069,0.173362243
718,717,0,0.186666667
719,527,2026.118284,0.120423007
719,716,0,0.24
720,586,5380.592035,0.237257529
720,595,2369.264348,0.200393386
721,670,1296.51861,0.173356698
721,722,667.1616997,0.18667138
722,43,667.1616997,0.583333333
722,590,5714.148553,0.234712843
722,724,58.82900573,0.173333333
723,695,0,0.24
723,697,1622.79018,0.173396715
724,725,58.82900573,0.222857143
724,728,0,0.173333333
725,590,1314.408,0.173358165
725,726,58.82900573,0.24
726,682,0,0.222857143
726,687,801.412,0.173343223
727,725,1314.408,0.173358165
727,728,1153.405,0.173383243
728,690,1153.405,0.173383243
728,730,0,0.186666667
729,662,3804.411374,0.19749994
729,696,1363.754304,0.18669817
730,731,4184.35156,0.188692787
730,733,0,0.173333333
731,686,3703.48756,0.196279372
731,727,1046.443,0.186676371
732,731,565.579,0.173333918
732,733,124.14,0.173333336
733,689,124.14,0.173333336
733,736,0,0.173333333
734,729,1171.485,0.173348218
734,744,105.08,0.173333335
735,692,3418.531154,0.193400343
735,734,1171.485,0.173348218
736,737,3049.544797,0.177096261
736,739,0,0.173333333
737,684,2483.965797,0.188294534
737,732,565.579,0.173333918
738,737,0,0.186666667
738,739,28.99,0.222857143
739,667,28.99,0.222857143
740,735,3312.78809,0.121047658
740,742,0,0.24
741,666,3666.149797,0.181866211
741,680,105.08,0.186666668
742,700,322.736,0.222857217
742,1018,4137.081807,0.545838168
743,735,1277.228064,0.173411873
743,742,4459.817807,0.110159275
744,702,677.145,0.173338009
744,743,1491.726086,0.173376921
745,703,1817.516086,0.186779637
745,752,463.5894541,0.173334201
746,723,0,0.222857143
746,745,646.27,0.173334391
747,697,5134.50383,0.211483214
747,746,646.27,0.173334391
748,747,646.27,0.186667805
748,755,1334.787156,0.173359924
749,699,0,13
749,748,646.27,0.173334391
750,749,646.27,0.173334391
750,757,1752.056342,0.173653541
751,703,4242.955678,0.189672544
751,752,844.3597224,0.186670405
752,656,367.423,0.173333642
752,753,940.5261765,0.173338941
753,746,0,0.222857143
753,754,940.5261765,0.173338941
754,747,5134.50383,0.211483214
754,755,940.5261765,0.186672705
755,672,2275.313333,0.173618136
755,756,0,0.173333333
756,749,0,13
756,757,0,0.173333333
757,705,1752.056342,0.173653541
758,35,2290.855,0.75
758,336,5731.72732,0.703940293
758,364,33.93,0.291428571
758,779,1598.333943,0.192
758,786,4856.731228,0.209566938
759,765,573.821,0.24000011
759,772,3394.533972,0.242335162
760,35,161.327,0.75
760,761,702.082,0.257143175
760,782,3398.952954,0.420000001
761,41,1378.056201,0.916666667
761,781,2821.413105,0.36439968
761,868,41.35,0.102857143
761,869,1769.675,0.215832699
762,766,6480.138395,0.281378255
762,775,2029.121,0.120082879
762,793,5997.514911,0.403996718
762,813,2674.287576,0.334456653
762,817,364.7846304,0.173372844
762,865,597.2317995,0.666676956
763,36,1901.396728,0.616666667
763,764,5726.173323,0.146596935
763,781,1775.442201,0.202377297
763,793,6785.008395,0.161534624
764,36,185.0482723,0.616666667
764,763,3747.592513,0.135347516
764,780,6013.438313,0.072001327
764,791,5030.149914,0.211181911
765,760,669.538,0.462857596
765,975,1382.867914,0.204
766,762,6816.97265,0.291834212
766,777,5555.49201,0.217390961
766,818,1993.020321,0.053381961
767,36,272.9628284,0.616666667
767,765,1478.584914,0.288
767,772,4930.08132,0.224241335
767,791,5505.070144,0.20225342
768,366,3644.46768,0.243202534
768,790,4090.298452,0.187216216
769,771,995.47,0.186694594
769,772,3530.736,0.202317907
769,786,5295.37932,0.214051853
770,773,3830.638509,0.183704809
770,789,139.099,0.222857144
771,758,0,0.48
771,759,573.821,0.20571438
771,974,421.649,0.994286014
772,767,5778.032972,0.235423037
772,769,5253.92932,0.213569382
772,810,823.389,0.160002865
773,774,3131.177509,0.191224076
773,796,822.195,0.173336417
774,792,3489.308509,0.180182475
774,811,1091.14632,0.156
775,868,2029.121,0.910119147
776,762,4185.575564,0.246778241
776,766,1068.373936,0.133340935
777,675,680.069,0.200005499
777,676,5587.825302,0.217845503
777,766,6816.97265,0.243195176
777,778,0,0.2
778,776,5253.949499,0.182422471
779,31,1077.293,0.616666667
779,783,521.0409432,0.168
779,787,811.806,0.173336248
780,763,2955.868707,0.122267682
780,812,6546.878115,0.156012018
781,761,1775.442201,0.337295495
781,763,2619.690515,0.213403124
781,782,201.7225908,0.240000058
782,764,3600.675545,0.12
783,366,1889.496,0.160413513
783,768,162.0109432,0.156
784,768,4523.61068,0.156000024
785,403,0,0.24
785,808,1317.673,0.156
786,758,5457.19932,0.216064049
786,769,3735.451,0.202977998
786,787,1441.075228,0.133436656
787,769,693.106,0.186668221
787,788,1559.775228,0.186872329
788,36,776.6071716,0.616666667
788,783,1530.466,0.17350886
788,790,740.5270568,0.173340293
789,769,139.099,0.186666671
789,788,700.655,0.186672527
790,770,3928.287509,0.199158591
790,794,902.538,0.173350107
791,764,5505.070144,0.216700092
791,767,5030.149914,0.197103117
791,792,0,0.205714286
792,780,3489.308509,0.166322285
793,762,6785.008395,0.436143485
793,763,6001.649911,0.149678423
793,813,0,0.154285714
794,784,2424.44368,0.174690404
794,809,905.0487874,0.173350315
795,770,41.45,0.173333333
795,794,2426.954468,0.188134868
796,36,984.07,0.616666667
796,795,2426.954468,0.174696663
796,815,140.928,0.173333335
797,774,1449.27732,0.156
797,796,2711.563468,0.189070458
798,799,500.3492925,0.253333829
798,804,6595.570611,0.156013614
799,805,0,0.222857143
799,813,4.135,0.222857143
799,817,500.3492925,0.253333829
800,388,923.4702782,0.186686669
800,785,0,0.222857143
801,800,0,0.24
801,814,41.45,0.186666667
802,348,140.928,0.186666668
802,801,0,0.222857143
803,37,0,0.7
803,802,0,0.24
803,816,2035.595,0.156
804,458,6595.570611,0.199574642
804,803,0,0.445714286
805,490,0,0.24
805,799,4.135,0.222857143
805,804,0,0.325714286
806,457,364.7846304,0.186709216
806,805,0,0.325714286
806,817,355.5217037,0.173333337
807,461,1993.020321,0.168
807,806,0,0.291428571
808,784,2099.167,0.156
808,809,18.4214908,0.173333333
809,800,923.4702782,0.173351907
809,808,0,0.173333333
810,773,122.734,0.173333334
810,789,700.655,0.173338775
811,767,1091.14632,0.06
811,810,0,0.186666667
812,797,2250.333787,0.34861533
812,798,6970.831903,0.15603455
813,793,4.135,0.154285714
813,799,0,0.222857143
813,812,2674.287576,0.242906119
814,795,41.45,0.173333333
814,815,0,0.173333333
815,802,140.928,0.173333335
815,816,0,0.186666667
816,797,1910.507,0.156
816,798,125.088,0.346666668
817,762,355.5217037,0.173333337
817,806,364.7846304,0.173372844
817,818,500.3492925,0.21333375
818,777,500.3492925,0.186667032
818,807,1993.020321,0.173491374
819,777,483.629,0.146666913
819,807,0,0.222857143
820,826,1143.816,0.17164226
820,827,229.3410752,0.548571679
820,831,2864.685239,4.876594647
821,25,1617.547,1.25
821,824,3534.239506,0.540000001
821,830,2709.825408,0.135045439
821,832,0,1.1
821,840,4803.883674,0.456000192
822,828,0,0.514285714
822,837,149.0145816,0.257143284
822,838,1702.070064,1.023161155
823,23,1662.726,1.083333333
823,829,4419.516059,1.123629952
823,830,4482.750935,0.597528289
823,836,747.163,0.160040547
824,27,961.928,0.666666667
824,821,5608.731483,0.540003081
824,825,833.617,0.533553247
824,1016,6291.388268,0.613960766
825,28,841.937,0.666666667
825,328,396.244,0.360005439
825,833,1360.515,0.548789635
826,820,1030.255075,0.171556267
826,838,683.4160394,0.502091054
826,839,1289.414,1.460419477
827,24,617.6,1.166666667
827,820,1702.378239,0.553416554
827,828,32.59325591,1.1
827,854,692.8580752,0.600063363
828,822,149.0145816,0.514285742
828,852,26.577,0.685714286
829,823,4364.613418,1.098925895
829,834,949.3874093,0.611393654
829,852,3820.589821,0.543498841
830,821,1617.736924,0.133506107
830,823,4599.290925,0.605287712
830,847,4312.026,0.540199819
831,22,920.413,1.166666667
831,249,2309.498239,3.343490578
831,826,316.957,1.40017044
831,827,338.794,1.800012254
832,27,90.15,0.666666667
832,324,0,0.533333333
832,833,404.564,0.171429852
832,846,1489.702,0.342908848
833,825,404.564,0.548575525
833,832,1579.852,0.171463098
834,758,949.3874093,0.514320501
834,856,1645.884,0.772212225
835,23,338.1,1.083333333
835,821,841.4772559,0.668577484
835,845,612.4943257,0.942864512
836,23,1879.168,1.083333333
836,822,1702.070064,0.943987088
836,823,450.4745167,0.160004275
836,824,1757.426762,0.606815724
836,835,0,0.514285714
837,835,1423.850582,0.600072425
838,24,708.9181038,1.166666667
838,820,1505.209,0.579211382
838,837,1274.836,0.912469432
839,23,766.287,1.083333333
839,78,747.572,0.833333333
839,826,1542.312115,1.465057188
839,845,548.317,1.371474335
839,848,674.515,1.714307258
840,821,2500.983925,0.456
840,843,5010.711,1.111219605
840,845,509.208,0.051429764
840,847,385.624,0.822861995
840,850,0,1.7
841,25,559.941,1.25
841,317,5963.865,0.229656231
841,846,538.736,0.257150724
841,847,3336.477506,0.266891617
842,74,0,0.833333333
842,322,0,0.548571429
843,840,2338.290925,1.05528743
843,849,5126.823,0.381905106
843,850,40.563,1.066666667
844,26,40.563,0.666666667
844,322,378.997,0.500000882
844,842,0,0.634285714
844,850,219.653,0.666666787
845,839,509.208,1.37146036
845,840,1160.811326,0.051497507
846,832,404.564,0.342857491
846,841,1459.952,0.257177969
846,851,799.767,1.200008462
847,830,3336.477506,0.540002666
847,841,4697.65,0.267803046
848,76,129.858,0.833333333
848,78,58.87,0.833333333
848,81,86.879,0.833333333
848,82,31.503,0.833333333
848,83,17.367,0.833333333
848,839,1316.044075,1.714864675
848,849,491.995,0.85765206
849,25,167.923,1.25
849,75,2464.078,0.833333333
849,76,565.781,0.833333333
849,77,639.383,0.833333333
849,85,627.786,0.833333333
849,86,11.578,0.833333333
849,87,432.827,0.833333333
849,103,198.625,0.833333333
849,104,158.886,0.833333333
849,106,268.268,0.833333333
849,107,115.918,0.833333333
849,108,128.32,0.833333333
849,109,148.913,0.833333333
849,843,2378.853925,0.360720926
849,848,914.2930752,0.867909031
850,840,103.541,1.700000049
850,843,116.112,1.066666678
850,844,40.563,0.666666667
851,26,837.232,0.666666667
851,844,378.997,0.342857163
851,846,635.845,1.20008303
852,828,142.9983257,0.685714316
852,829,4715.07459,0.765617303
852,855,3083.161821,0.300019449
852,856,737.428,0.377196996
853,250,2486.146547,2.106464088
853,860,1719.254272,0.588261308
854,827,1990.981495,0.611458033
854,852,0,1.56
854,857,692.8580752,0.377182685
855,24,4312.492896,1.166666667
855,852,3925.599916,0.312903859
855,857,378.5777022,1.165715138
855,859,4380.528051,0.384326084
856,852,905.896,0.377291969
856,855,2430.229914,0.34523026
856,962,823.128,0.634442172
857,854,1990.981495,0.384345049
857,858,1071.435777,0.257375173
858,33,736.2807775,1.083333333
858,857,1990.981495,0.262053443
858,859,0,1.08
858,961,335.155,0.325715248
859,855,5004.24483,0.414728887
859,858,0,1.08
859,964,4380.528051,0.354762539
860,872,2124.887355,0.33428448
860,963,1719.254272,0.311432457
861,863,2197.033,0.101605835
861,870,4349.683931,0.501813587
862,873,3391.222,0.56400017
863,876,3067.582,0.205344452
864,869,3378.185105,0.15687305
864,870,2178.343,0.420001459
864,875,0,0.394285714
864,967,430.711,0.466666744
864,977,344.483,0.377144133
865,866,41.35,0.560000006
865,875,597.2317995,0.426670977
866,41,0,0.916666667
866,665,819.365,0.900357008
866,778,266.48,0.940002119
867,861,0,0.42
867,882,1958.944,0.533600119
868,865,41.35,0.38
868,869,2029.121,0.24
869,35,3113.062,0.75
869,761,1882.625105,0.216624087
869,864,2609.054,0.15601129
870,34,1749.777,0.916666667
870,861,2197.033,0.360001444
870,864,3722.668105,0.432047577
870,967,0,0.548571429
871,267,1426.886,0.600597007
871,872,1188.642192,0.537802599
871,880,1782.596555,1.259999817
872,853,2529.318547,0.508361582
872,871,784.211,0.517319715
873,39,1287.61,0.833333333
873,879,7469.626086,0.565663749
873,886,3880.479,0.30000002
874,965,4936.637681,0.552912272
875,41,0.942799475,0.916666667
875,863,870.549,0.666721616
876,862,1432.278,0.201037342
876,866,0,2
876,878,2899.962406,0.480714312
877,861,4349.683931,0.264728987
877,876,1264.658406,0.20058494
878,879,0,0.171428571
878,881,2899.962406,0.423028594
879,267,593.46,2.007094341
879,874,3747.893681,0.807161125
879,877,3128.272406,0.403439293
880,39,143.6385551,0.833333333
880,871,233.05,0.942871281
880,874,1188.744,0.686747594
880,877,2486.069931,0.345511133
881,39,56.51,0.833333333
881,255,1340.396214,3.340676286
881,871,1657.295192,1.058516061
881,880,357.665931,0.257143904
882,862,1958.944,0.156
882,876,0,0.137142857
883,40,847.297,1.083333333
883,622,0,0.857142857
883,633,0,0.205714286
883,873,2142.444,1.405020846
883,887,0,3
884,633,2216.724,0.550341957
884,883,0,0.666666667
885,41,1447.893,0.916666667
885,665,0,1.34
885,884,472.83,0.580029745
886,634,701.362,0.857148177
886,635,1435.223,0.800270675
886,884,1743.894,0.204169338
887,47,63.01,0.666666667
887,254,202.96,1.800045735
887,261,52.427,1.40000007
887,265,0,4
887,883,109.4,3.000002729
888,58,310.671,0.533333333
888,892,805.571,0.093366386
889,56,201.889,0.5
889,57,232.906,0.533333333
889,59,161.568,0.5
889,269,80.655,1.800000403
889,892,3861.471735,1.798002608
889,980,1099.402,0.686895856
890,48,616.28,0.75
890,891,637.576,0.617186134
890,898,1948.953,0.261563732
891,55,319.794,0.633333333
891,251,1038.382,0.123442015
891,264,1608.03109,1.599776698
891,890,800.544,0.617275599
892,627,2510.231279,0.703621615
892,888,310.671,0.093333811
892,889,1195.789,1.202712212
892,893,2005.236013,0.385356212
893,60,186.779,0.416666667
893,642,1201.829602,0.766852938
893,892,468.3322789,0.266851282
893,894,692.0874107,0.685786305
894,896,692.0874107,0.257169864
895,892,138.859,0.874285748
895,894,0,0.291428571
896,60,0,0.416666667
896,902,1383.908613,0.257961961
897,895,138.859,0.257142867
897,896,0,0.291428571
898,260,871.676,0.911535501
898,890,719.795,0.257175623
898,899,1077.277,0.943732082
899,627,662.448,0.600050799
899,888,414.829,0.900025271
899,898,564.261,0.942893374
900,60,320.048,0.416666667
900,897,52.505,0.102857143
900,902,6871.988491,0.257961961
900,909,4287.511,0.43062876
900,990,2800.177,0.947132456
901,905,0,0.857142857
901,906,963.955,0.571406195
901,909,0,0.5
902,63,784.376,0.533333333
902,630,8326.061826,0.709155774
902,900,6483.395,0.226338838
902,903,0,1
902,908,0,0.34
903,639,62.073,0.260000001
904,70,34.74,0.833333333
904,903,62.073,0.30000002
904,905,1788.022,0.502734211
905,908,1788.022,0.242699274
906,901,0,0.56
906,904,2.481,0.88
906,910,0,0.48
906,959,963.955,0.501575341
907,897,86.354,0.188571429
907,900,5435.464972,0.116267318
908,63,42.521,0.533333333
908,900,2129.429,0.193585558
908,909,0,1.34
909,901,963.955,0.510184102
909,983,3323.556,0.280599163
910,906,0,0.48
910,950,0,1.38
910,960,0,0.257142857
911,925,2715.9783,0.568544785
911,926,2341.968953,0.187015391
912,914,4641.106909,0.980605516
912,937,4313.660756,0.279558133
912,942,328.746,0.171428634
913,920,602.571,0.188573179
913,943,790.5597641,0.776163896
913,1008,0,0.514285714
914,18,80.3,0.916666667
914,912,471.967,0.840001819
914,917,0,0.771428571
914,931,3086.571,0.806284776
914,946,2776.063958,0.26155438
915,21,12.443,0.5
915,916,1203.111764,0.334035687
915,943,46.319,0.942857148
916,20,728.35,0.75
916,915,58.762,0.333333334
916,932,1085.226,1.068087647
916,934,70.413,0.942857182
917,914,1111.148049,0.771574333
917,935,0,0.685714286
917,937,0,0.6
918,619,0,1.6
918,919,0,0.514285714
919,19,0,0.833333333
919,918,0,0.514285714
919,931,0,0.222857143
919,932,85.469,0.360000006
920,913,790.5597641,0.188578095
920,929,120.788,0.27428572
920,933,481.783,0.274286561
921,65,325.658,0.866666667
921,922,1155.015047,0.581452041
921,936,686.5100486,0.20075819
921,938,5406.52427,0.347996641
922,921,154.067,0.560002765
922,927,1714.445292,0.57360099
922,939,1796.6483,0.533639952
922,948,701.697,0.468616529
923,64,37.5385028,0.75
923,911,2341.968953,0.806171949
923,925,0,0.6
924,637,2355.8503,0.30878001
924,923,243.563,0.24000002
925,64,360.128,0.75
925,923,0,0.6
925,924,2355.8503,0.544280948
925,1013,0,0.48
926,65,819.707,0.866666667
926,911,2715.9783,0.187340512
926,939,987.0862442,0.533354721
926,942,3538.176348,0.626400967
926,1013,2916.261,0.590910917
927,922,1949.8193,0.573807553
927,928,1714.445292,0.613619664
927,940,2634.390101,0.645491662
928,73,1269.448,0.583333333
928,927,4584.209401,0.636028612
928,940,0,1.95
928,1005,846.6472916,0.788578789
929,920,790.5597641,0.274341175
929,930,1718.973708,0.327258032
929,1008,0,0.242424242
930,1007,4226.941708,1.035854006
931,19,1920.949,0.833333333
931,615,2076.919,1.375808082
931,914,552.267,0.788575131
931,919,23.23,0.222857143
932,916,85.469,1.066666684
932,931,1085.226,0.686374062
933,920,0,0.274285714
933,934,37.24323589,1.02857143
933,935,552.196,0.514288821
934,916,37.24323589,0.942857145
934,933,70.413,1.028571471
934,943,0,0.5
935,917,1111.148049,0.685843852
935,933,37.24323589,0.514285714
935,936,552.196,0.267050667
936,65,336.508,0.866666667
936,921,1280.062047,0.21210027
936,929,2388.745473,0.24483487
936,935,1148.391285,0.276624029
937,18,1759.833,0.916666667
937,917,0,0.6
937,936,2730.996756,0.246903398
937,938,0,0.24
938,18,777.508,0.916666667
938,937,0,0.24
938,939,0,0.7
938,942,5120.19927,0.32449877
939,922,987.0862442,0.533354721
939,926,1796.6483,0.533639952
939,938,0,0.7
940,73,0,0.583333333
940,921,5802.418319,0.388829638
940,927,0,0.6
941,940,2592.263218,0.199047448
941,944,4203.619381,1.204758348
942,912,6100.385618,0.281699478
942,926,926.79,0.600036045
942,944,1959.946,0.248805916
943,21,187.386,0.5
943,913,602.571,0.772672169
943,915,603.1737641,0.944384596
943,934,0,0.5
944,659,6163.565381,2.393319132
945,912,2610.981047,0.166358885
945,930,2507.968,1.073818378
946,18,30.658,0.916666667
946,592,3151.771958,1.419997034
946,912,100.18,0.857142858
946,914,0,0.257142857
947,63,251.909,0.533333333
947,948,203.69,1.400022267
947,1011,69.48,1.457142863
947,1013,103.52,1.160000055
948,922,274.937,0.466696926
948,947,238.365,1.400045911
948,955,463.332,2.315308758
949,71,556.662,0.833333333
949,953,1332.546,1.013986326
949,959,553.402,0.500122455
950,958,2276.341615,0.909060889
950,983,262.063,0.760004431
950,990,413.98,0.200135191
951,72,1054.11,0.916666667
951,952,1062.802,1.5441966
951,956,0,0.6
951,1010,238.35,0.428571665
952,951,766.15,1.543124467
952,958,0,0.6
952,982,984.869,0.342859389
952,985,531.25,0.325723587
953,949,892.843,1.002214161
953,956,0,2.42
953,957,1332.546,0.608391795
954,91,77.05,0.833333333
954,957,175.9,0.800001002
955,948,71.247,2.314285816
955,957,1502.729,1.211527856
955,1005,168.881,1.400001454
956,951,0,0.6
956,953,0,2.42
956,957,0,2.3
957,72,2018.181,0.916666667
957,953,892.843,0.601328497
957,954,77.05,0.800000022
957,955,240.128,1.100024065
957,956,0,2.3
958,71,1773.149,0.833333333
958,952,522.3486145,0.600000173
958,960,0,1.2
959,70,540.92,0.833333333
959,906,2.481,0.5
959,949,1391.165,0.508525764
959,960,10.001,0.514285714
960,70,0,0.833333333
960,910,0,0.257142857
960,958,19.156,1.2
961,33,1576.311223,1.083333333
961,858,762.9662395,0.325769575
961,963,108.733,0.925714296
961,964,3526.749014,0.691898454
962,34,1155.928,0.916666667
962,786,481.615,1.373629452
962,856,1775.941914,0.641185315
962,974,235.8,0.306667128
963,33,1097.411,1.083333333
963,860,2124.887355,0.31669056
963,961,736.4851266,0.925846337
963,965,2210.790002,1.004006338
964,34,576.908,0.916666667
964,859,5004.24483,0.382826665
964,961,2134.616462,0.684001689
964,965,2251.228761,0.413663257
964,969,3636.150972,0.144003024
965,867,1958.944,0.668689562
965,963,3002.999355,1.093037362
965,964,4178.77996,0.613738453
965,970,915.9711287,0.293517209
966,35,821.9,0.75
966,971,179.45,0.240000107
966,973,3050.050972,0.384000003
966,974,1394.098914,0.133874218
967,34,649.372,0.916666667
967,970,658.038,0.56008068
967,971,114,0.333333353
967,978,2141.118954,0.384
968,859,0,0.342857143
968,969,612.902,0.171729055
969,964,612.902,0.144
969,966,3636.150972,0.600000099
970,867,0,0.514285714
970,965,658.038,0.293375595
970,967,915.9711287,0.560351035
971,966,685.6189139,0.240041502
971,967,990.699,0.333629456
972,759,3394.533972,0.269261291
973,972,3050.050972,0.120000001
973,976,0,0.257142857
974,962,1202.845914,0.307312197
974,966,235.8,0.133333534
974,968,612.902,0.68571559
975,972,344.483,0.25716927
975,976,1382.867914,0.12
976,971,1382.867914,0.36
976,978,0,0.514285714
977,760,2141.118954,0.204
977,975,344.483,0.51433854
978,864,0,0.257142857
978,977,2141.118954,0.12
979,54,204.169,0.833333333
979,55,261.979,0.633333333
979,257,249.7061575,0.68572873
979,263,3648.143203,1.213255832
979,987,405.5670246,0.685871636
979,992,913.5966145,0.514497702
980,889,1178.182735,0.736148783
980,986,1063.899615,0.549050107
980,992,2200.358,1.237494735
980,1002,21.713,0.700000001
980,1003,349.669,0.3000574
981,991,1395.186289,0.555853643
981,995,219.485,0.900020187
981,1004,0,2.1
982,69,211.96,0.583333333
982,984,37.24,1.320000001
982,985,415.1853855,0.600010414
982,991,1296.076,0.431830065
983,70,1688.597,0.833333333
983,950,1452.388615,0.764203193
983,986,2702.545,1.079775246
983,1004,0,1.8
984,982,166.222,1.320000369
984,988,1873.746,1.121275223
985,69,38.183,0.583333333
985,71,633.71,0.833333333
985,950,288.567,0.600047425
985,952,697.1183855,0.325749737
986,59,388.4,0.5
986,68,1006.187,0.95
986,980,1633.005,0.55251905
986,983,1682.003615,1.002561987
986,1004,0,1.2
987,979,742.952,0.688814398
987,992,0,0.6
987,993,250.1570246,0.857161074
987,1003,155.41,1.300005952
988,989,0,0.671641791
988,996,3132.449068,0.901626472
988,997,1859.405,0.898971437
989,988,2240.416068,0.67176772
990,950,1211.429,0.218941386
990,984,2002.728,0.606072868
991,981,219.485,0.500011215
991,982,460.9233855,0.40027295
991,996,2389.843904,1.054743604
992,57,41.531,0.533333333
992,979,2619.022,0.552171249
992,980,872.0656145,1.200393366
992,987,0,0.6
993,987,279.133,0.857174107
993,994,0,1.2
993,1000,254.3300246,0.342865048
993,1003,0.827,0.9
994,67,0,0.833333333
994,993,0,1.2
995,67,53.367,0.833333333
995,981,1395.186289,1.000536558
995,1000,279.96,0.771457109
995,1001,14.924,0.7
996,67,101.525,0.833333333
996,907,5521.818972,0.145903307
996,991,378.99,1.000011406
997,999,1859.405,0.49443429
998,66,87.123,0.583333333
998,989,2240.416068,1.645403189
999,94,265.832,0.833333333
999,95,1005.162,0.833333333
999,97,492.248,0.833333333
999,110,18.233,0.833333333
999,998,1574.255068,0.277818839
1000,993,279.96,0.342869826
1000,995,254.3300246,0.771446358
1000,1002,0,1
1001,995,1194.223265,0.762070313
1001,1002,14.924,0.5
1001,1004,0,1.05
1002,68,13.27,0.95
1002,980,1.654,0.7
1002,1000,0,1
1002,1001,1194.223265,0.544335938
1003,57,77.341,0.533333333
1003,68,500.745,0.95
1003,980,1207.695735,0.317246909
1003,987,463.819,1.30091303
1003,993,4.173,0.9
1004,981,0,2.1
1004,983,0,1.8
1004,986,0,1.2
1004,1001,0,1.05
1005,91,688.524,0.833333333
1005,92,150.5431211,0.833333333
1005,93,126.162243,0.833333333
1005,96,6.510529602,0.833333333
1005,99,0.779397918,0.833333333
1005,928,4906.330401,0.830664206
1005,955,1039.397,1.406239712
1006,941,6795.882599,1.913137032
1007,92,1859.881879,0.833333333
1007,93,1195.971757,0.833333333
1007,96,84.0544704,0.833333333
1007,99,20.04860208,0.833333333
1007,100,1066.985,0.833333333
1007,1006,0,0.242424242
1009,98,965.027,0.833333333
1009,102,5023.899,0.833333333
1009,248,528.388,2.418807667
1009,250,735.412,4.484144156
1010,91,238.35,0.833333333
1010,951,1164.304,0.429154452
1011,959,34.74,1.2
1011,1012,34.74,0.12
1012,904,34.74,0.12
1013,630,2833.237,0.802961955
1013,925,0,0.48
1013,926,3003.000639,0.598924707
1013,947,83.024,1.16000002
1014,448,0,0.377142857
1014,1015,1958.053,0.324
1015,825,571.781,0.702861058
1015,1016,1958.053,0.324
1016,336,6937.047268,0.328909372
1016,824,6025.035483,0.599853965
1016,1017,730.09,0.168
1017,836,3167.294517,0.564612266
1018,259,1213.486,0.80035457
1018,645,1303.020722,0.266798728
1018,1019,5856.261086,0.22198506
1019,635,980.076,0.266892478
1019,740,3312.78809,0.53798959
1019,873,6122.120086,0.931546962
1019,1018,1878.061722,0.200140024
1020,74,219.249,0.833333333
1020,304,15.713,2
1020,306,3373.205,1.014357735